Date,Ticker,Overnight_Return_Percentage
2020-01-02,TQQQ,2.4956672443674055
2020-01-03,SQQQ,3.8967136150234616
2020-01-06,SQQQ,2.3776863283036187
2020-01-07,TQQQ,0.09994447529151351
2020-01-08,SQQQ,0.09319664492077884
2020-01-09,TQQQ,2.412781219432669
2020-01-10,TQQQ,1.1237146188911362
2020-01-13,TQQQ,1.2505344164172705
2020-01-14,SQQQ,0.3015075376884502
2020-01-15,TQQQ,0.08359456635318452
2020-01-16,TQQQ,1.4097744360902276
2020-01-17,TQQQ,1.300416539672855
2020-01-21,SQQQ,0.9345794392523255
2020-01-22,TQQQ,1.3820731096645167
2020-01-23,SQQQ,0.2088772845953102
2020-01-24,TQQQ,1.4192785334121938
2020-01-27,SQQQ,6.628982528263094
2020-01-28,TQQQ,2.0815358067299394
2020-01-29,TQQQ,1.6489745439554726
2020-01-30,SQQQ,1.8848700967906362
2020-01-31,TQQQ,1.2185215272136452
2020-02-03,TQQQ,1.5698419478855197
2020-02-04,TQQQ,4.145395139881569
2020-02-05,TQQQ,3.756092898786201
2020-02-06,TQQQ,0.633030990173844
2020-02-07,SQQQ,1.3172966781214157
2020-02-10,SQQQ,1.074660633484159
2020-02-11,TQQQ,1.6414141414141437
2020-02-12,TQQQ,1.7393655371304995
2020-02-13,SQQQ,2.1752265861027187
2020-02-14,TQQQ,0.39553485101520014
2020-02-18,SQQQ,1.4554275318374943
2020-02-19,TQQQ,1.8040787868223829
2020-02-20,SQQQ,0.6253908692932963
2020-02-21,SQQQ,1.3373860182370967
2020-02-24,SQQQ,10.983323749281194
2020-02-25,TQQQ,2.3515886287625465
2020-02-26,TQQQ,1.5237662042301592
2020-02-27,SQQQ,7.643928398645361
2020-02-28,SQQQ,9.97474747474747
2020-03-02,TQQQ,2.948051948051944
2020-03-03,TQQQ,0.9827448291623853
2020-03-04,TQQQ,5.386653210546255
2020-03-05,SQQQ,7.708225556130377
2020-03-06,SQQQ,10.123574144486703
2020-03-09,SQQQ,21.095518334087828
2020-03-10,TQQQ,11.02400783929447
2020-03-11,SQQQ,6.8888888888889
2020-03-12,SQQQ,19.857594936708868
2020-03-13,TQQQ,16.711349419124222
2020-03-16,SQQQ,29.757785467128016
2020-03-17,TQQQ,5.718120805369131
2020-03-18,SQQQ,16.666666666666675
2020-03-19,SQQQ,1.4476614699331813
2020-03-20,TQQQ,6.88712083540528
2020-03-23,TQQQ,1.1827654181920666
2020-03-24,TQQQ,15.749578888265026
2020-03-25,TQQQ,1.469237832874204
2020-03-26,TQQQ,3.0082256169212673
2020-03-27,SQQQ,7.2932717000513625
2020-03-30,TQQQ,2.796571944068549
2020-03-31,SQQQ,0.6302521008403339
2020-04-01,SQQQ,8.941418293936266
2020-04-02,SQQQ,1.4123006833713037
2020-04-03,SQQQ,0.9200968523002562
2020-04-06,TQQQ,11.056105610561051
2020-04-07,TQQQ,8.966861598440556
2020-04-08,TQQQ,2.9101562499999956
2020-04-09,TQQQ,2.6803745180833394
2020-04-13,SQQQ,1.206349206349211
2020-04-14,TQQQ,6.151670496729711
2020-04-15,SQQQ,4.837490551776247
2020-04-16,TQQQ,3.269137400873934
2020-04-17,TQQQ,3.9477726574500993
2020-04-20,SQQQ,2.4583663758921626
2020-04-21,SQQQ,2.9185867895545448
2020-04-22,TQQQ,6.268500783562603
2020-04-23,TQQQ,1.1518157094864812
2020-04-24,TQQQ,0.7085346215780941
2020-04-27,TQQQ,3.195084485407085
2020-04-28,TQQQ,2.787403947566669
2020-04-29,TQQQ,6.8015291494106345
2020-04-30,TQQQ,1.5870725725003476
2020-05-01,SQQQ,6.476683937823835
2020-05-04,SQQQ,1.5847860538827252
2020-05-05,TQQQ,3.011406844106479
2020-05-06,TQQQ,2.4907885040530653
2020-05-07,TQQQ,3.8155802861685295
2020-05-08,TQQQ,2.309083321741534
2020-05-11,SQQQ,1.7857142857142794
2020-05-12,TQQQ,1.069797782126547
2020-05-13,TQQQ,0.6935774726036792
2020-05-14,SQQQ,1.8421052631578894
2020-05-15,SQQQ,4.174228675136127
2020-05-18,TQQQ,4.266703251474824
2020-05-19,TQQQ,0.3501491375956345
2020-05-20,TQQQ,3.515420805018299
2020-05-21,TQQQ,0.2962962962962834
2020-05-22,SQQQ,0.8032128514056103
2020-05-26,TQQQ,4.834637717748036
2020-05-27,SQQQ,0.9072580645161255
2020-05-28,SQQQ,1.533742331288357
2020-05-29,TQQQ,0.6919109321927408
2020-06-01,SQQQ,0.9544008483563182
2020-06-02,TQQQ,0.5370569280343629
2020-06-03,TQQQ,0.8073952726421751
2020-06-04,SQQQ,0.7803790412485911
2020-06-05,TQQQ,1.2255479613481057
2020-06-08,SQQQ,0.23148148148146586
2020-06-09,SQQQ,1.1862396204033177
2020-06-10,TQQQ,2.150308707685755
2020-06-11,SQQQ,5.044136191677184
2020-06-12,TQQQ,6.373493975903632
2020-06-15,SQQQ,4.3771043771043905
2020-06-16,TQQQ,6.3788586399362135
2020-06-17,TQQQ,1.8825056799740336
2020-06-18,SQQQ,0.4962779156327368
2020-06-19,TQQQ,3.1047315257841657
2020-06-22,SQQQ,0.12499999999999734
2020-06-23,TQQQ,2.1694427308246
2020-06-24,SQQQ,1.0638297872340496
2020-06-25,SQQQ,0.12562814070351536
2020-06-26,SQQQ,0.5167958656330685
2020-06-29,SQQQ,0.24096385542167198
2020-06-30,TQQQ,-0.021659085986580617
2020-07-01,TQQQ,0.21505376344086446
2020-07-02,TQQQ,3.1144947597389727
2020-07-06,TQQQ,3.8822732113466873
2020-07-07,SQQQ,0.45317220543807935
2020-07-08,TQQQ,1.591536338546451
2020-07-09,TQQQ,2.241318214032595
2020-07-10,SQQQ,0.15822784810126667
2020-07-13,TQQQ,3.30088870080405
2020-07-14,SQQQ,2.8963414634146423
2020-07-15,TQQQ,1.466431095406362
2020-07-16,SQQQ,3.4482758620689724
2020-07-17,TQQQ,0.7545813869924478
2020-07-20,TQQQ,0.8583690987124415
2020-07-21,TQQQ,1.8375082399472609
2020-07-22,TQQQ,0.5873340143003114
2020-07-23,SQQQ,0.6611570247933907
2020-07-24,SQQQ,4.747320061255733
2020-07-27,TQQQ,2.163891240944582
2020-07-28,SQQQ,1.1023622047244164
2020-07-29,TQQQ,1.7626867056313111
2020-07-30,SQQQ,2.672955974842761
2020-07-31,TQQQ,5.341220093581711
2020-08-03,TQQQ,2.4040877868989785
2020-08-04,SQQQ,0.7901668129938422
2020-08-05,TQQQ,0.566007653061229
2020-08-06,SQQQ,0.3577817531305927
2020-08-07,SQQQ,0.746268656716409
2020-08-10,TQQQ,0.22048980234663507
2020-08-11,SQQQ,1.4234875444839812
2020-08-12,TQQQ,2.479478717102479
2020-08-13,TQQQ,0.8424533501299125
2020-08-14,TQQQ,0.5942142298670738
2020-08-17,TQQQ,1.8348623853211121
2020-08-18,SQQQ,394.1287878787879
2020-08-19,SQQQ,0.0
2020-08-20,SQQQ,0.8792048929663565
2020-08-21,TQQQ,0.16614895615112424
2020-08-24,TQQQ,3.460232097367677
2020-08-25,SQQQ,0.8691316992106346
2020-08-26,TQQQ,1.337406653088924
2020-08-27,TQQQ,1.1803738914056172
2020-08-28,TQQQ,1.274869615607499
2020-08-31,TQQQ,0.5262824170946478
2020-09-01,TQQQ,2.825979176995519
2020-09-02,TQQQ,3.3816425120772875
2020-09-03,SQQQ,4.476093591047814
2020-09-04,SQQQ,1.5432098765432167
2020-09-08,SQQQ,11.832061068702293
2020-09-09,TQQQ,6.092747903305384
2020-09-10,TQQQ,3.3690467176497263
2020-09-11,TQQQ,2.065418307482103
2020-09-14,TQQQ,4.3463971736094065
2020-09-15,TQQQ,4.180340678230987
2020-09-16,TQQQ,0.8319592265027875
2020-09-17,SQQQ,7.594936708860756
2020-09-18,TQQQ,1.4031033344338084
2020-09-21,SQQQ,4.366812227074224
2020-09-22,TQQQ,2.833870694043794
2020-09-23,SQQQ,0.3903200624512104
2020-09-24,SQQQ,2.750000000000008
2020-09-25,TQQQ,0.5505068157986681
2020-09-28,TQQQ,5.5773313735097085
2020-09-29,SQQQ,0.4987531172069959
2020-09-30,TQQQ,0.1791835462760849
2020-10-01,TQQQ,4.331550802139028
2020-10-02,SQQQ,6.555213374395064
2020-10-05,TQQQ,2.1792730454147646
2020-10-06,SQQQ,0.9106678230702547
2020-10-07,TQQQ,2.917457305502835
2020-10-08,TQQQ,2.4938030496507224
2020-10-09,TQQQ,1.8136057443185916
2020-10-12,TQQQ,5.173635719347991
2020-10-13,TQQQ,1.9058732010890589
2020-10-14,TQQQ,0.8944775732434573
2020-10-15,SQQQ,4.977600796416137
2020-10-16,TQQQ,1.8390336590662137
2020-10-19,TQQQ,2.0261888352860025
2020-10-20,TQQQ,0.7904851693378845
2020-10-21,TQQQ,0.22337512609886812
2020-10-22,TQQQ,0.9247218610027419
2020-10-23,TQQQ,0.6643078922665913
2020-10-26,SQQQ,2.592592592592591
2020-10-27,TQQQ,0.9928544565626307
2020-10-28,SQQQ,4.941069809610155
2020-10-29,TQQQ,1.5151515151515138
2020-10-30,SQQQ,2.1404109589041154
2020-11-02,TQQQ,1.992337164750957
2020-11-03,TQQQ,2.1193293046216866
2020-11-04,TQQQ,9.878444084278758
2020-11-05,TQQQ,6.838949171901754
2020-11-06,SQQQ,0.793650793650813
2020-11-09,TQQQ,2.826948480845437
2020-11-10,SQQQ,3.5035035035035023
2020-11-11,TQQQ,2.6619079485463493
2020-11-12,TQQQ,0.9196683620149138
2020-11-13,TQQQ,1.661599377784051
2020-11-16,SQQQ,0.2578648788035043
2020-11-17,TQQQ,0.21551724137931494
2020-11-18,SQQQ,0.6806282722513046
2020-11-19,SQQQ,0.5626598465473087
2020-11-20,SQQQ,0.1573151546932383
2020-11-23,TQQQ,1.074374436819836
2020-11-24,TQQQ,1.053361053361046
2020-11-25,TQQQ,1.0119840213049347
2020-11-27,TQQQ,1.9669345879892663
2020-11-30,TQQQ,0.3244068443483128
2020-12-01,TQQQ,2.3857739526642163
2020-12-02,SQQQ,1.2360211889346662
2020-12-03,TQQQ,0.2425859664018537
2020-12-04,SQQQ,0.05934718100888414
2020-12-07,TQQQ,0.1849752371859914
2020-12-08,SQQQ,0.4889975550122383
2020-12-09,SQQQ,0.18518518518519933
2020-12-10,SQQQ,2.2556390977443552
2020-12-11,SQQQ,1.6374269005847708
2020-12-14,TQQQ,1.1965282083074902
2020-12-15,TQQQ,2.3309457326696537
2020-12-16,TQQQ,0.5357353114329388
2020-12-17,TQQQ,1.7022754907069615
2020-12-18,TQQQ,0.7432624113475228
2020-12-21,SQQQ,2.902208201892731
2020-12-22,TQQQ,0.932749884845685
2020-12-23,SQQQ,0.0
2020-12-24,TQQQ,0.29000638014036184
2020-12-28,TQQQ,2.582307472087031
2020-12-29,TQQQ,1.3675023625548954
2020-12-30,TQQQ,1.125152422126141
2020-12-31,SQQQ,0.06531678641410466
2021-01-04,TQQQ,1.2541254125412626
2021-01-05,SQQQ,1.0101010101010166
2021-01-06,SQQQ,4.595469255663431
2021-01-07,TQQQ,2.6516038398501474
2021-01-08,TQQQ,2.2546129490119027
2021-01-11,SQQQ,2.8591352859135277
2021-01-12,TQQQ,0.13746082366525858
2021-01-13,TQQQ,0.2705986304395669
2021-01-14,TQQQ,0.48754062838569645
2021-01-15,SQQQ,0.33422459893046597
2021-01-19,TQQQ,2.30027625866831
2021-01-20,TQQQ,3.5934291581108946
2021-01-21,SQQQ,-1.1738811445341168
2021-01-22,SQQQ,1.1295180722891596
2021-01-25,TQQQ,3.2232391563868035
2021-01-26,TQQQ,0.3968638079566267
2021-01-27,SQQQ,2.1521906225979937
2021-01-28,TQQQ,0.8519141775347183
2021-01-29,SQQQ,1.5884476534296033
2021-02-01,TQQQ,3.4044434619210806
2021-02-02,TQQQ,2.8521416803953814
2021-02-03,TQQQ,2.0722844234924542
2021-02-04,TQQQ,1.3810233482364653
2021-02-05,TQQQ,0.9500047980040449
2021-02-08,TQQQ,1.576448243114914
2021-02-09,SQQQ,0.978792822185981
2021-02-10,TQQQ,1.3698630136986356
2021-02-11,TQQQ,1.5110276865321515
2021-02-12,SQQQ,0.7407407407407307
2021-02-16,TQQQ,0.7719553174098559
2021-02-17,SQQQ,2.823920265780755
2021-02-18,SQQQ,3.3551554828150643
2021-02-19,TQQQ,1.3368480512144565
2021-02-22,SQQQ,4.066985645933019
2021-02-23,SQQQ,5.103550295858006
2021-02-24,SQQQ,2.7146001467351466
2021-02-25,SQQQ,2.63355906696765
2021-02-26,TQQQ,2.8270762229806623
2021-03-01,TQQQ,4.640215198386022
2021-03-02,TQQQ,0.556701030927842
2021-03-03,SQQQ,1.1577424023154759
2021-03-04,SQQQ,0.46604527296938425
2021-03-05,TQQQ,2.644380691031567
2021-03-08,SQQQ,0.5984042553191626
2021-03-09,TQQQ,7.658616187989553
2021-03-10,TQQQ,4.251343144125208
2021-03-11,TQQQ,4.865119566497822
2021-03-12,SQQQ,4.002965159377303
2021-03-15,TQQQ,0.32760957975599414
2021-03-16,TQQQ,2.178434592227707
2021-03-17,SQQQ,2.9635258358662764
2021-03-18,SQQQ,4.6923076923076845
2021-03-19,SQQQ,0.21141649048626032
2021-03-22,TQQQ,2.0929694727104486
2021-03-23,TQQQ,1.053902733560208
2021-03-24,TQQQ,1.3236929922135765
2021-03-25,SQQQ,1.9148936170212627
2021-03-26,SQQQ,0.29146083274522727
2021-03-29,SQQQ,0.591278640059123
2021-03-30,SQQQ,1.9188191881918781
2021-03-31,TQQQ,1.6601786123196627
2021-04-01,TQQQ,3.698224852071008
2021-04-05,TQQQ,2.4087591240875783
2021-04-06,SQQQ,0.2561912894961438
2021-04-07,SQQQ,0.25553662691650825
2021-04-08,TQQQ,2.691592443965929
2021-04-09,SQQQ,1.3309671694764935
2021-04-12,SQQQ,0.9033423667569984
2021-04-13,TQQQ,1.4319138979878243
2021-04-14,TQQQ,0.2533707356800363
2021-04-15,TQQQ,2.569633311450814
2021-04-16,TQQQ,0.5119453924914641
2021-04-19,SQQQ,1.5151515151515138
2021-04-20,SQQQ,0.4604051565377576
2021-04-21,SQQQ,1.1722272317403082
2021-04-22,SQQQ,0.37037037037035425
2021-04-23,TQQQ,0.589914367269273
2021-04-26,TQQQ,0.22923161562442562
2021-04-27,TQQQ,0.2247797158784426
2021-04-28,SQQQ,0.280636108512633
2021-04-29,TQQQ,2.9733959311424085
2021-04-30,SQQQ,2.3408239700374533
2021-05-03,TQQQ,1.0217350919561552
2021-05-04,SQQQ,2.44122965641953
2021-05-05,TQQQ,1.714513556618824
2021-05-06,SQQQ,0.339558573853993
2021-05-07,TQQQ,2.6154757204895462
2021-05-10,SQQQ,1.2466607301869992
2021-05-11,SQQQ,5.629139072847678
2021-05-12,SQQQ,4.785478547854782
2021-05-13,TQQQ,2.6628895184135803
2021-05-14,TQQQ,3.0740206414382465
2021-05-17,SQQQ,1.5926236378876801
2021-05-18,TQQQ,0.9114997350291532
2021-05-19,SQQQ,5.1696284329563635
2021-05-20,TQQQ,1.4669399201812094
2021-05-21,TQQQ,1.4989293361884481
2021-05-24,TQQQ,2.1772939346811793
2021-05-25,TQQQ,1.4494470774091717
2021-05-26,TQQQ,0.5797386263142412
2021-05-27,SQQQ,0.37737556561083796
2021-05-28,TQQQ,1.161417322834657
2021-06-01,TQQQ,1.2281898820547754
2021-06-02,TQQQ,0.35436558716408495
2021-06-03,SQQQ,2.5629496402877816
2021-06-04,TQQQ,1.738954605196641
2021-06-07,SQQQ,0.6439742410303539
2021-06-08,TQQQ,1.601525262154424
2021-06-09,TQQQ,1.2759474385831249
2021-06-10,TQQQ,0.2758227125737145
2021-06-11,TQQQ,0.05537098560355336
2021-06-14,TQQQ,0.3845449551364233
2021-06-15,SQQQ,0.19920318725101804
2021-06-16,TQQQ,0.3811252268602461
2021-06-17,SQQQ,0.8695652173912993
2021-06-18,SQQQ,1.407035175879412
2021-06-21,TQQQ,0.21741099737293546
2021-06-22,SQQQ,0.09999999999998899
2021-06-23,TQQQ,0.01730852444827846
2021-06-24,TQQQ,1.7192224622030183
2021-06-25,TQQQ,0.5174753987105429
2021-06-28,TQQQ,1.072249170283368
2021-06-29,SQQQ,0.21739130434783593
2021-06-30,SQQQ,0.219780219780219
2021-07-01,SQQQ,0.4376367614879584
2021-07-02,TQQQ,1.6971279373368064
2021-07-06,TQQQ,0.5760732323232265
2021-07-07,TQQQ,1.9311633701915687
2021-07-08,SQQQ,4.277456647398825
2021-07-09,SQQQ,0.567536889897835
2021-07-12,TQQQ,1.2775842044134844
2021-07-13,SQQQ,0.23391812865496409
2021-07-14,TQQQ,2.0351951032899995
2021-07-15,TQQQ,0.0
2021-07-16,TQQQ,0.7498640142979296
2021-07-19,SQQQ,3.040540540540526
2021-07-20,TQQQ,0.7508978126020249
2021-07-21,SQQQ,0.28441410693971214
2021-07-22,TQQQ,0.30899961375048246
2021-07-23,TQQQ,1.157600060528119
2021-07-26,SQQQ,0.49261083743843415
2021-07-27,SQQQ,0.12345679012344402
2021-07-28,TQQQ,0.9121748963437648
2021-07-29,SQQQ,0.4842615012106588
2021-07-30,SQQQ,3.410475030450666
2021-08-02,TQQQ,1.3560343528702612
2021-08-03,TQQQ,0.5576488319517736
2021-08-04,SQQQ,0.12210012210012167
2021-08-05,TQQQ,0.6485849056603765
2021-08-06,SQQQ,1.0000000000000009
2021-08-09,TQQQ,0.35182877666202206
2021-08-10,TQQQ,0.444736074657337
2021-08-11,TQQQ,1.0287913551920491
2021-08-12,SQQQ,0.48661800486617945
2021-08-13,TQQQ,0.2945941964943355
2021-08-16,SQQQ,0.9937888198757738
2021-08-17,SQQQ,2.2388059701492713
2021-08-18,SQQQ,0.4842615012106588
2021-08-19,SQQQ,1.6470588235294237
2021-08-20,TQQQ,0.9261367949593868
2021-08-23,TQQQ,0.905743740795284
2021-08-24,TQQQ,0.5357772294677599
2021-08-25,TQQQ,0.16753926701571498
2021-08-26,SQQQ,0.5221932114882533
2021-08-27,TQQQ,0.5036175344020455
2021-08-30,TQQQ,0.6202618883528688
2021-08-31,TQQQ,0.2067907411113401
2021-09-01,TQQQ,0.8963810288313612
2021-09-02,TQQQ,1.091078437894999
2021-09-03,SQQQ,0.6839945280437965
2021-09-07,TQQQ,0.0660283922086613
2021-09-08,SQQQ,0.38525730180805073
2021-09-09,TQQQ,0.14616968972160915
2021-09-10,TQQQ,1.410342511752849
2021-09-13,TQQQ,1.882514599793872
2021-09-14,TQQQ,1.1912959647431443
2021-09-15,TQQQ,0.3611863582690944
2021-09-16,SQQQ,1.0781671159029615
2021-09-17,SQQQ,0.26954177897575704
2021-09-20,SQQQ,4.557291666666652
2021-09-21,TQQQ,1.4158363922391004
2021-09-22,TQQQ,0.8978003890468544
2021-09-23,TQQQ,0.9740495747619482
2021-09-24,SQQQ,1.9556714471968828
2021-09-27,SQQQ,2.7486910994764413
2021-09-28,SQQQ,3.9591315453384457
2021-09-29,TQQQ,0.8909563983284574
2021-09-30,TQQQ,1.4207476783871797
2021-10-01,TQQQ,0.5458778196997693
2021-10-04,SQQQ,1.416765053128688
2021-10-05,TQQQ,0.78125
2021-10-06,SQQQ,2.8968713789107703
2021-10-07,TQQQ,2.5900364905600437
2021-10-08,TQQQ,0.9268556422337149
2021-10-11,SQQQ,1.1947431302270273
2021-10-12,TQQQ,1.2194143602085816
2021-10-13,TQQQ,1.9452099205705897
2021-10-14,TQQQ,3.041102399619877
2021-10-15,TQQQ,1.0207145001500884
2021-10-18,SQQQ,1.1523687580025754
2021-10-19,TQQQ,0.9014165116611794
2021-10-20,TQQQ,0.44802240112007397
2021-10-21,SQQQ,0.6729475100942128
2021-10-22,SQQQ,1.0958904109588996
2021-10-25,TQQQ,1.2089467723669367
2021-10-26,TQQQ,1.9241341396371459
2021-10-27,TQQQ,0.4629629629629761
2021-10-28,TQQQ,1.5333693596325304
2021-10-29,SQQQ,2.463768115942022
2021-11-01,TQQQ,0.4124774426398581
2021-11-02,SQQQ,0.2971768202080227
2021-11-03,TQQQ,0.352689255573746
2021-11-04,TQQQ,0.9827859846172737
2021-11-05,TQQQ,1.4888483493203042
2021-11-08,SQQQ,0.0
2021-11-09,TQQQ,0.8183209702107508
2021-11-10,SQQQ,2.2187004754358197
2021-11-11,TQQQ,2.313446910165351
2021-11-12,TQQQ,0.9042155150910336
2021-11-15,TQQQ,0.8824418253248867
2021-11-16,SQQQ,0.6319115323854652
2021-11-17,TQQQ,0.2310152825494738
2021-11-18,TQQQ,1.5737782510945486
2021-11-19,TQQQ,1.2859521212469138
2021-11-22,TQQQ,1.2137292536976485
2021-11-23,SQQQ,0.8183306055646433
2021-11-24,SQQQ,1.7770597738287375
2021-11-26,SQQQ,2.12418300653594
2021-11-29,TQQQ,3.3325043521512
2021-11-30,SQQQ,0.6611570247933907
2021-12-01,TQQQ,3.284604562970217
2021-12-02,SQQQ,0.9022556390977376
2021-12-03,TQQQ,1.2530059486140832
2021-12-06,TQQQ,0.3398187633262273
2021-12-07,TQQQ,5.325867569503218
2021-12-08,TQQQ,0.2687529861442828
2021-12-09,SQQQ,1.0033444816053505
2021-12-10,TQQQ,2.049987687761634
2021-12-13,TQQQ,0.0
2021-12-14,SQQQ,3.65079365079366
2021-12-15,SQQQ,0.30816640986131016
2021-12-16,TQQQ,0.7358706797756298
2021-12-17,SQQQ,3.076923076923088
2021-12-20,SQQQ,4.090909090909101
2021-12-21,TQQQ,2.6454303096588916
2021-12-22,SQQQ,0.3154574132492094
2021-12-23,TQQQ,0.32788913635239947
2021-12-27,TQQQ,0.9729272419627844
2021-12-28,TQQQ,0.7901263048618823
2021-12-29,TQQQ,-0.023344032681638094
2021-12-30,SQQQ,0.17361111111111605
2021-12-31,SQQQ,0.5163511187607606
2022-01-03,TQQQ,0.90182167979318
2022-01-04,TQQQ,0.40904575468942994
2022-01-05,SQQQ,1.1725293132328396
2022-01-06,SQQQ,1.3782542113323082
2022-01-07,SQQQ,0.0
2022-01-10,SQQQ,4.00593471810089
2022-01-11,SQQQ,1.0432190760059745
2022-01-12,TQQQ,1.9939056703762503
2022-01-13,SQQQ,395.5835962145111
2022-01-14,SQQQ,2.34879624192601
2022-01-18,SQQQ,4.656716417910456
2022-01-19,TQQQ,1.0046483730694389
2022-01-20,TQQQ,2.5633058878359316
2022-01-21,SQQQ,1.8648018648018683
2022-01-24,SQQQ,5.049054797798513
2022-01-25,SQQQ,5.560940150230187
2022-01-26,TQQQ,7.023474178403766
2022-01-27,TQQQ,4.233301975540926
2022-01-28,TQQQ,1.6291698991466097
2022-01-31,TQQQ,1.1974454497073017
2022-02-01,TQQQ,0.9542293385088163
2022-02-02,TQQQ,3.507379780987141
2022-02-03,SQQQ,7.980957714925796
2022-02-04,TQQQ,0.22911526260132042
2022-02-07,TQQQ,0.6303236797274181
2022-02-08,SQQQ,1.143292682926833
2022-02-09,TQQQ,3.776129467296019
2022-02-10,SQQQ,5.8609085810432004
2022-02-11,SQQQ,0.07888509071785066
2022-02-14,SQQQ,0.7208073041806928
2022-02-15,TQQQ,4.491858506457036
2022-02-16,SQQQ,1.820546163849146
2022-02-17,SQQQ,2.780665280665273
2022-02-18,TQQQ,0.7278299176403102
2022-02-22,SQQQ,2.7720027720027796
2022-02-23,TQQQ,2.782324058919805
2022-02-24,SQQQ,9.768798167048542
2022-02-25,TQQQ,0.8777239709442997
2022-02-28,SQQQ,2.8661646830216103
2022-03-01,SQQQ,1.129388657009578
2022-03-02,TQQQ,1.25899280575541
2022-03-03,TQQQ,2.5176425710471184
2022-03-04,SQQQ,2.152827064111662
2022-03-07,SQQQ,0.0
2022-03-08,SQQQ,0.7141399714344132
2022-03-09,TQQQ,7.761690007120814
2022-03-10,SQQQ,3.629395852119033
2022-03-11,TQQQ,2.658396101019056
2022-03-14,SQQQ,1.3906056860321536
2022-03-15,TQQQ,2.5338685398896166
2022-03-16,TQQQ,3.696900114810564
2022-03-17,SQQQ,1.7641372643789177
2022-03-18,SQQQ,1.427855711422854
2022-03-21,SQQQ,0.5868231528407541
2022-03-22,TQQQ,0.5304034855086126
2022-03-23,SQQQ,2.4345623416830886
2022-03-24,TQQQ,1.643323996265167
2022-03-25,SQQQ,0.08673026886381052
2022-03-28,SQQQ,0.05772005772006761
2022-03-29,TQQQ,3.360215053763449
2022-03-30,SQQQ,1.4663691424928293
2022-03-31,SQQQ,0.09282178217822068
2022-04-01,TQQQ,0.42970092815399763
2022-04-04,TQQQ,0.7767995857068888
2022-04-05,SQQQ,1.1352885525070855
2022-04-06,SQQQ,4.649096831507249
2022-04-07,SQQQ,0.9171762090050217
2022-04-08,SQQQ,1.5388919977616045
2022-04-11,SQQQ,3.9112903225806406
2022-04-12,TQQQ,4.152823920265791
2022-04-13,TQQQ,0.25241901556583013
2022-04-14,TQQQ,0.05953562214724428
2022-04-18,SQQQ,0.9620128268376993
2022-04-19,SQQQ,0.767706785537392
2022-04-20,TQQQ,0.81738437001595
2022-04-21,TQQQ,3.6325678496868408
2022-04-22,SQQQ,-0.011961722488029736
2022-04-25,SQQQ,1.550731058927779
2022-04-26,SQQQ,1.9363762102351245
2022-04-27,SQQQ,0.11410788381742698
2022-04-28,TQQQ,4.692429022082023
2022-04-29,SQQQ,3.8985005767012693
2022-05-02,SQQQ,0.6730573118498784
2022-05-03,SQQQ,0.12864493996569415
2022-05-04,TQQQ,0.391236306729259
2022-05-05,SQQQ,4.163675520459442
2022-05-06,SQQQ,2.3983315954118734
2022-05-09,SQQQ,5.741818911865093
2022-05-10,TQQQ,7.192005242463972
2022-05-11,SQQQ,2.36719478098788
2022-05-12,SQQQ,4.586684922129036
2022-05-13,TQQQ,4.626708727655093
2022-05-16,SQQQ,1.544622425629294
2022-05-17,TQQQ,5.807504078303438
2022-05-18,SQQQ,4.504504504504503
2022-05-19,SQQQ,2.0975353959097998
2022-05-20,TQQQ,3.8796229151559114
2022-05-23,TQQQ,1.1338697878566117
2022-05-24,SQQQ,5.500806307113426
2022-05-25,SQQQ,1.651499831479608
2022-05-26,SQQQ,0.7557117750439435
2022-05-27,TQQQ,3.215699208443268
2022-05-31,TQQQ,0.030039050765995334
2022-06-01,TQQQ,1.99697428139185
2022-06-02,SQQQ,1.051546391752578
2022-06-03,SQQQ,5.0561797752809
2022-06-06,TQQQ,4.589296826384581
2022-06-07,SQQQ,3.3825079030558314
2022-06-08,SQQQ,0.7783783783783749
2022-06-09,SQQQ,1.7796610169491522
2022-06-10,SQQQ,5.7613168724279795
2022-06-13,SQQQ,9.359518754423203
2022-06-14,TQQQ,2.4263431542461023
2022-06-15,TQQQ,3.572965992251387
2022-06-16,SQQQ,7.740408991042758
2022-06-17,TQQQ,0.9606587374199504
2022-06-21,TQQQ,5.050727834142044
2022-06-22,SQQQ,2.720513687056436
2022-06-23,TQQQ,2.675998353231801
2022-06-24,TQQQ,3.087248322147662
2022-06-27,TQQQ,1.3223731236597702
2022-06-28,TQQQ,0.5124450951683679
2022-06-29,SQQQ,0.26422406200456994
2022-06-30,SQQQ,3.230361871138565
2022-07-01,SQQQ,1.3256288239292813
2022-07-05,SQQQ,4.095800069420341
2022-07-06,TQQQ,0.4678362573099504
2022-07-07,TQQQ,0.9181331293037331
2022-07-08,SQQQ,2.8440731901352434
2022-07-11,SQQQ,2.5379696243005734
2022-07-12,TQQQ,1.263883569513613
2022-07-13,SQQQ,5.969331872946326
2022-07-14,SQQQ,2.857402031930345
2022-07-15,TQQQ,3.222003929273076
2022-07-18,TQQQ,3.0608435983575877
2022-07-19,TQQQ,3.7447458922430066
2022-07-20,TQQQ,0.7027406886858767
2022-07-21,TQQQ,0.4014720642355307
2022-07-22,SQQQ,0.9132420091324311
2022-07-25,SQQQ,0.043402777777790114
2022-07-26,SQQQ,1.9004911381593104
2022-07-27,TQQQ,4.64690815953166
2022-07-28,SQQQ,0.023004370830448373
2022-07-29,TQQQ,1.6129032258064502
2022-08-01,SQQQ,1.7323625407984045
2022-08-02,SQQQ,2.306342441714726
2022-08-03,TQQQ,1.6666666666666607
2022-08-04,TQQQ,0.1402918069584702
2022-08-05,SQQQ,4.849315068493154
2022-08-08,TQQQ,0.8784358175120577
2022-08-09,SQQQ,1.8675496688741688
2022-08-10,TQQQ,7.130151200711543
2022-08-11,TQQQ,2.2739726027397156
2022-08-12,TQQQ,1.8080667593880273
2022-08-15,SQQQ,0.889472149314674
2022-08-16,SQQQ,0.9566517189835588
2022-08-17,SQQQ,2.9385574354407806
2022-08-18,SQQQ,0.08600917431191846
2022-08-19,SQQQ,2.8579676674364896
2022-08-22,SQQQ,4.173486088379708
2022-08-23,SQQQ,0.3793626707131903
2022-08-24,SQQQ,0.4788306451612767
2022-08-25,TQQQ,1.7425863650259776
2022-08-26,SQQQ,0.2412868632707843
2022-08-29,SQQQ,2.914476827520307
2022-08-30,TQQQ,1.6376663254861867
2022-08-31,TQQQ,2.9121073067419845
2022-09-01,SQQQ,2.6217228464419318
2022-09-02,TQQQ,2.8735632183908066
2022-09-06,TQQQ,0.2998500749625155
2022-09-07,TQQQ,0.42194092827003704
2022-09-08,SQQQ,2.1136063408190298
2022-09-09,TQQQ,2.2095509622238163
2022-09-12,TQQQ,1.5415549597855183
2022-09-13,SQQQ,8.68270900520962
2022-09-14,TQQQ,1.1029411764705843
2022-09-15,SQQQ,2.050610820244314
2022-09-16,SQQQ,3.5936850851682633
2022-09-19,SQQQ,2.6262214983713283
2022-09-20,SQQQ,2.6085141903172016
2022-09-21,TQQQ,0.8946726311508613
2022-09-22,SQQQ,1.6415604480494395
2022-09-23,SQQQ,2.701192250372575
2022-09-26,SQQQ,0.657660860291509
2022-09-27,TQQQ,3.7821122740247404
2022-09-28,SQQQ,0.07026172492534677
2022-09-29,SQQQ,4.238077496274206
2022-09-30,SQQQ,1.1607910576096447
2022-10-03,TQQQ,1.9927536231884035
2022-10-04,TQQQ,5.97773475314618
2022-10-05,SQQQ,3.9876113046844797
2022-10-06,SQQQ,1.2981980236388413
2022-10-07,SQQQ,5.144421370587127
2022-10-10,TQQQ,0.07692307692308553
2022-10-11,SQQQ,1.7479074347611867
2022-10-12,TQQQ,0.4961411245865577
2022-10-13,SQQQ,8.729281767955799
2022-10-14,TQQQ,2.7964785085448085
2022-10-17,TQQQ,7.029026750142275
2022-10-18,TQQQ,8.108808290155434
2022-10-19,SQQQ,1.6964127937798112
2022-10-20,SQQQ,1.1896431070678837
2022-10-21,SQQQ,1.1514005842928388
2022-10-24,TQQQ,0.2916869227029606
2022-10-25,TQQQ,0.9637987776210721
2022-10-26,SQQQ,5.986560781918149
2022-10-27,SQQQ,1.2901376146788879
2022-10-28,SQQQ,0.7789855072463769
2022-10-31,SQQQ,2.391390992427267
2022-11-01,TQQQ,3.770883054892593
2022-11-02,SQQQ,0.09347541596560482
2022-11-03,SQQQ,3.065718157181574
2022-11-04,TQQQ,5.714285714285716
2022-11-07,TQQQ,1.1699164345403856
2022-11-08,TQQQ,1.7818574514038898
2022-11-09,SQQQ,2.1099290780141944
2022-11-10,TQQQ,14.488636363636353
2022-11-11,SQQQ,-0.042480883602369346
2022-11-14,SQQQ,2.18616182105027
2022-11-15,TQQQ,7.1363842319891235
2022-11-16,SQQQ,2.060911380810615
2022-11-17,SQQQ,4.884488448844881
2022-11-18,TQQQ,3.20219579139982
2022-11-21,SQQQ,1.5710233471525115
2022-11-22,TQQQ,0.7082152974504208
2022-11-23,TQQQ,-0.0906207521522373
2022-11-25,SQQQ,1.7068730086481576
2022-11-28,SQQQ,2.1860361365157344
2022-11-29,TQQQ,0.1879699248120259
2022-11-30,TQQQ,0.3851709195955788
2022-12-01,TQQQ,0.5942275042444933
2022-12-02,SQQQ,5.284848484848492
2022-12-05,SQQQ,2.153625269203152
2022-12-06,SQQQ,0.29646522234889616
2022-12-07,SQQQ,1.4813224559897087
2022-12-08,TQQQ,1.4584346135148252
2022-12-09,SQQQ,1.140350877192975
2022-12-12,TQQQ,0.09573958831976537
2022-12-13,TQQQ,11.662817551963055
2022-12-14,SQQQ,0.599907706506686
2022-12-15,SQQQ,4.2426288543776725
2022-12-16,SQQQ,0.88150881508815
2022-12-19,TQQQ,0.20986358866736943
2022-12-20,SQQQ,1.548461097304532
2022-12-21,TQQQ,1.209455744914778
2022-12-22,SQQQ,3.220675944333995
2022-12-23,SQQQ,1.841860465116274
2022-12-27,SQQQ,0.8317757009345783
2022-12-28,SQQQ,0.6002508511019577
2022-12-29,TQQQ,3.1559405940594143
2022-12-30,SQQQ,3.3419977720014815
2023-01-03,TQQQ,2.543352601156057
2023-01-04,TQQQ,2.4541691306918967
2023-01-05,SQQQ,1.9849292409483743
2023-01-06,TQQQ,1.7726161369193028
2023-01-09,TQQQ,2.494331065759625
2023-01-10,SQQQ,1.2675507020280863
2023-01-11,TQQQ,1.0546241211465635
2023-01-12,TQQQ,0.5409582689335446
2023-01-13,SQQQ,2.8027385537013227
2023-01-17,SQQQ,0.3274394237066103
2023-01-18,TQQQ,1.8060366155368657
2023-01-19,SQQQ,1.9433882551753268
2023-01-20,TQQQ,1.724137931034475
2023-01-23,TQQQ,0.7846983815595898
2023-01-24,SQQQ,1.8164435946462776
2023-01-25,SQQQ,4.818419178732469
2023-01-26,TQQQ,3.6380597014925353
2023-01-27,SQQQ,1.450362590647658
2023-01-30,SQQQ,3.35907335907335
2023-01-31,TQQQ,0.045599635202919764
2023-02-01,SQQQ,0.22865853658537993
2023-02-02,TQQQ,6.416564165641647
2023-02-03,SQQQ,6.240533171766138
2023-02-06,SQQQ,2.6968560715315615
2023-02-07,SQQQ,0.1686340640809414
2023-02-08,SQQQ,1.3481126423007694
2023-02-09,TQQQ,4.241696678671469
2023-02-10,SQQQ,2.324937724882359
2023-02-13,TQQQ,1.3434089000839533
2023-02-14,SQQQ,1.7378917378917391
2023-02-15,SQQQ,1.9062863795110685
2023-02-16,SQQQ,4.779630732578921
2023-02-17,SQQQ,2.3380281690140725
2023-02-21,SQQQ,3.9404794709286373
2023-02-22,TQQQ,0.4474272930648615
2023-02-23,TQQQ,3.6432722396066097
2023-02-24,SQQQ,5.231175693527068
2023-02-27,TQQQ,3.261368856224167
2023-02-28,SQQQ,0.7449267916773694
2023-03-01,SQQQ,0.3066700741119366
2023-03-02,SQQQ,2.7701522335912054
2023-03-03,TQQQ,1.7639077340569909
2023-03-06,TQQQ,1.278772378516635
2023-03-07,SQQQ,0.027322404371576958
2023-03-08,TQQQ,0.30864197530864335
2023-03-09,TQQQ,0.5219660722053154
2023-03-10,TQQQ,0.18365472910926162
2023-03-13,SQQQ,1.9961051606621316
2023-03-14,TQQQ,3.70370370370372
2023-03-15,SQQQ,2.696209289909235
2023-03-16,SQQQ,1.0560519902518273
2023-03-17,SQQQ,0.08818342151672987
2023-03-20,SQQQ,0.753841693244417
2023-03-21,TQQQ,1.9331453886427763
2023-03-22,SQQQ,-0.5650580329871757
2023-03-23,TQQQ,3.707455429497575
2023-03-24,SQQQ,0.48944631385745563
2023-03-27,TQQQ,0.6390395042602526
2023-03-28,SQQQ,0.6210239321417843
2023-03-29,TQQQ,3.578608765581026
2023-03-30,TQQQ,2.24933282500952
2023-03-31,TQQQ,0.22271714922048602
2023-04-03,SQQQ,2.0095367847411394
2023-04-04,TQQQ,0.3563791874554578
2023-04-05,SQQQ,1.17174422497488
2023-04-06,SQQQ,1.621271076523989
2023-04-10,SQQQ,2.9129427341939795
2023-04-11,SQQQ,0.0660283922086391
2023-04-12,TQQQ,1.8628912071535053
2023-04-13,TQQQ,1.5308075009567546
2023-04-14,SQQQ,1.5050167224080369
2023-04-17,SQQQ,0.4655803126039304
2023-04-18,TQQQ,2.0727272727272705
2023-04-19,SQQQ,2.365089940039966
2023-04-20,SQQQ,2.9930162953109463
2023-04-21,SQQQ,0.42194092827005925
2023-04-24,SQQQ,0.2603319232020729
2023-04-25,SQQQ,1.6165535079211146
2023-04-26,TQQQ,3.2539682539682646
2023-04-27,TQQQ,3.669008587041356
2023-04-28,SQQQ,0.2029769959404737
2023-05-01,SQQQ,0.4143646408839796
2023-05-02,SQQQ,0.1376936316695332
2023-05-03,TQQQ,0.29175784099197966
2023-05-04,SQQQ,0.36160420775805946
2023-05-05,TQQQ,2.031602708803626
2023-05-08,SQQQ,0.5201109570041496
2023-05-09,SQQQ,1.64106145251397
2023-05-10,TQQQ,2.258874148440304
2023-05-11,TQQQ,0.399444251476222
2023-05-12,TQQQ,0.5167068549775999
2023-05-15,TQQQ,0.41768186564568044
2023-05-16,SQQQ,0.7526881720430145
2023-05-17,TQQQ,0.9221311475409832
2023-05-18,TQQQ,0.2307945928123889
2023-05-19,TQQQ,0.21902377972464748
2023-05-22,SQQQ,0.1956181533646406
2023-05-23,SQQQ,1.5810276679841806
2023-05-24,SQQQ,1.8271792919680285
2023-05-25,TQQQ,6.693043191559522
2023-05-26,TQQQ,0.8917589175891694
2023-05-30,TQQQ,3.8021726700972147
2023-05-31,SQQQ,1.4608233731739695
2023-06-01,SQQQ,0.043365134431927466
2023-06-02,TQQQ,1.5273535129130877
2023-06-05,SQQQ,0.1379944802208044
2023-06-06,SQQQ,0.55299539170508
2023-06-07,TQQQ,0.21703743895822303
2023-06-08,TQQQ,0.11435105774730836
2023-06-09,TQQQ,1.3819789939192972
2023-06-12,TQQQ,1.4472965592572384
2023-06-13,TQQQ,2.2863081319823175
2023-06-14,TQQQ,0.0
2023-06-15,SQQQ,1.2639029322548012
2023-06-16,TQQQ,1.9471153846153832
2023-06-20,SQQQ,1.2570548999486952
2023-06-21,SQQQ,-0.30659172202349705
2023-06-22,SQQQ,1.2941762070681984
2023-06-23,SQQQ,3.3985581874356185
2023-06-26,SQQQ,0.4495504495504399
2023-06-27,TQQQ,1.1627906976744207
2023-06-28,SQQQ,1.4661274014155623
2023-06-29,SQQQ,0.4071246819338459
2023-06-30,TQQQ,2.9824114198317764
2023-07-03,TQQQ,0.4878048780487809
2023-07-05,SQQQ,1.3304949441192093
2023-07-06,SQQQ,3.1931878658861157
2023-07-07,SQQQ,0.31185031185032575
2023-07-10,SQQQ,0.30848329048844825
2023-07-11,TQQQ,0.3007518796992681
2023-07-12,TQQQ,3.360513960958733
2023-07-13,TQQQ,2.501786990707666
2023-07-14,TQQQ,0.3631411711302768
2023-07-17,TQQQ,0.5906406179009505
2023-07-18,SQQQ,0.5269320843091618
2023-07-19,TQQQ,0.8851468048359123
2023-07-20,SQQQ,2.6410564225690436
2023-07-21,TQQQ,1.8806593916879555
2023-07-24,TQQQ,0.6793159990630127
2023-07-25,TQQQ,0.5132991133924403
2023-07-26,SQQQ,0.9670079635950124
2023-07-27,TQQQ,4.2523688467760445
2023-07-28,TQQQ,3.263403263403264
2023-07-31,TQQQ,0.24325519681556163
2023-08-01,SQQQ,1.3010053222944906
2023-08-02,SQQQ,2.8722157092614387
2023-08-03,SQQQ,2.2002200220021972
2023-08-04,TQQQ,1.6059443911792926
2023-08-07,TQQQ,1.4341273699562285
2023-08-08,SQQQ,2.1535063500828233
2023-08-09,TQQQ,0.18257059396300512
2023-08-10,TQQQ,2.3923444976076347
2023-08-11,SQQQ,2.2216414009409435
2023-08-14,SQQQ,0.7175807278318569
2023-08-15,SQQQ,0.901378579003187
2023-08-16,SQQQ,0.5652620760534299
2023-08-17,TQQQ,1.0568031704095038
2023-08-18,SQQQ,2.887391722810384
2023-08-21,TQQQ,1.2912087912087866
2023-08-22,TQQQ,2.1226415094339757
2023-08-23,TQQQ,0.9476177941563524
2023-08-24,TQQQ,2.765208647561601
2023-08-25,TQQQ,0.7265877287405909
2023-08-28,TQQQ,2.39221871713986
2023-08-29,SQQQ,0.25799793601650745
2023-08-30,TQQQ,0.14503263234229014
2023-08-31,SQQQ,0.16825574873808868
2023-09-01,TQQQ,1.8143261074458072
2023-09-05,SQQQ,0.731570061902076
2023-09-06,SQQQ,0.6207674943566666
2023-09-07,SQQQ,3.822882288228824
2023-09-08,SQQQ,0.10746910263299547
2023-09-11,TQQQ,2.444444444444449
2023-09-12,SQQQ,1.397428731134709
2023-09-13,TQQQ,0.09866798223976403
2023-09-14,TQQQ,1.3678553981436359
2023-09-15,SQQQ,1.118568232662187
2023-09-18,SQQQ,0.7438894792773709
2023-09-19,SQQQ,1.1733333333333373
2023-09-20,TQQQ,0.42929292929292373
2023-09-21,SQQQ,3.3057851239669533
2023-09-22,TQQQ,1.4887640449438244
2023-09-25,SQQQ,0.8793356130923247
2023-09-26,SQQQ,2.2794846382557132
2023-09-27,TQQQ,0.9249057697883423
2023-09-28,SQQQ,1.0023866348448651
2023-09-29,TQQQ,2.926280247608326
2023-10-02,TQQQ,0.14037057832678723
2023-10-03,SQQQ,2.1052631578947434
2023-10-04,TQQQ,0.694846554719164
2023-10-05,SQQQ,0.09915716410511255
2023-10-06,SQQQ,2.6018654884634174
2023-10-09,SQQQ,1.9369834710743827
2023-10-10,TQQQ,0.27704485488126984
2023-10-11,TQQQ,1.0903426791277093
2023-10-12,TQQQ,0.3304524656837726
2023-10-13,TQQQ,0.5401234567901314
2023-10-16,TQQQ,1.0959636460839528
2023-10-17,SQQQ,3.0311158798283167
2023-10-18,SQQQ,2.1773765268189083
2023-10-19,TQQQ,1.2813522355507034
2023-10-20,SQQQ,0.5456349206349076
2023-10-23,SQQQ,1.2333965844402384
2023-10-24,TQQQ,1.4829892410584522
2023-10-25,SQQQ,2.0679468242245314
2023-10-26,SQQQ,1.1926605504587018
2023-10-27,TQQQ,2.3169151004536648
2023-10-30,TQQQ,2.076677316293929
2023-10-31,TQQQ,0.03095017022594071
2023-11-01,TQQQ,0.6711409395973034
2023-11-02,TQQQ,3.742384682332456
2023-11-03,TQQQ,1.1019283746556585
2023-11-06,TQQQ,0.6120276742948461
2023-11-07,TQQQ,0.8945014469876389
2023-11-08,TQQQ,0.3070624360286711
2023-11-09,TQQQ,0.48531289910600517
2023-11-10,TQQQ,1.3867085295656834
2023-11-13,SQQQ,1.215277777777768
2023-11-14,TQQQ,5.123762376237617
2023-11-15,TQQQ,1.5836050302747928
2023-11-16,SQQQ,0.7361963190184007
2023-11-17,SQQQ,0.6451612903225934
2023-11-20,SQQQ,0.06142506142505777
2023-11-21,SQQQ,1.3375796178344057
2023-11-22,TQQQ,1.5493278651173448
2023-11-24,SQQQ,0.3795066413662118
2023-11-27,SQQQ,0.37735849056603765
2023-11-28,SQQQ,0.6905210295040876
2023-11-29,TQQQ,1.8918918918918948
2023-11-30,TQQQ,0.13562386980108254
2023-12-01,SQQQ,0.9363295880149947
2023-12-04,SQQQ,2.9883611198490145
2023-12-05,SQQQ,1.559633027522933
2023-12-06,TQQQ,2.2869022869022926
2023-12-07,TQQQ,2.2577610536218096
2023-12-08,SQQQ,1.3880126182965302
2023-12-11,SQQQ,0.319284802043418
2023-12-12,TQQQ,0.02175331738090147
2023-12-13,TQQQ,0.6372132540356956
2023-12-14,TQQQ,1.046368485843252
2023-12-15,TQQQ,0.5754212905877631
2023-12-18,TQQQ,0.5077173030056947
2023-12-19,TQQQ,0.2983887010145292
2023-12-20,TQQQ,-1.0584084672677463
2023-12-21,TQQQ,2.781211372064285
2023-12-22,TQQQ,0.9073686309701845
2023-12-26,TQQQ,0.5759682224429019
2023-12-27,TQQQ,0.15603666861712107
2023-12-28,TQQQ,0.737291424136588
2023-12-29,SQQQ,0.15071590052750938
2024-01-02,SQQQ,2.6765799256505574
2024-01-03,SQQQ,2.0509193776520496
2024-01-04,SQQQ,1.6792323509253082
2024-01-05,TQQQ,0.10914647456885529
2024-01-08,TQQQ,0.8916920400174
2024-01-09,SQQQ,2.3038156947444266
2024-01-10,TQQQ,0.20379050336254423
2024-01-11,TQQQ,0.8193445243805053
2024-01-12,TQQQ,0.7756563245823411
2024-01-16,SQQQ,0.9651076466221209
2024-01-17,SQQQ,2.48332097850259
2024-01-18,TQQQ,2.3260517799352787
2024-01-19,TQQQ,1.4740108611326574
2024-01-22,TQQQ,1.595159515951594
2024-01-23,TQQQ,0.4565376186997705
2024-01-24,TQQQ,2.779281718101445
2024-01-25,TQQQ,1.6690340909090828
2024-01-26,SQQQ,1.4202172096908994
2024-01-29,TQQQ,0.3066378066377995
2024-01-30,SQQQ,0.7607776838546076
2024-01-31,SQQQ,3.2311516155758113
2024-02-01,TQQQ,1.2348024316109374
2024-02-02,TQQQ,1.2477064220183465
2024-02-05,SQQQ,0.17064846416381396
2024-02-06,TQQQ,0.7550482879719045
2024-02-07,TQQQ,1.8897915930766507
2024-02-08,TQQQ,0.0
2024-02-09,TQQQ,0.819812126387709
2024-02-12,SQQQ,0.17985611510793476
2024-02-13,SQQQ,5.595026642984013
2024-02-14,TQQQ,1.868170602749375
2024-02-15,TQQQ,0.4612230953194407
2024-02-16,TQQQ,0.22022700321868705
2024-02-20,SQQQ,1.5021459227467782
2024-02-21,SQQQ,1.971476510067105
2024-02-22,TQQQ,6.139400505597692
2024-02-23,TQQQ,1.0968921389396646
2024-02-26,TQQQ,0.536732640053672
2024-02-27,TQQQ,0.7054081289889158
2024-02-28,SQQQ,1.5356820234869062
2024-02-29,TQQQ,1.9341703427214085
